id,type,title,time,,,,,Results,,,,,
X2yEt,mist_file_heavy_0.txt,Process Start,1490720294805
X2yEt,mist_file_heavy_0.txt,Recieved deployment ,1490720298854
X2yEt,mist_file_heavy_0.txt,Started deployment to Camunda,1490720321513
X2yEt,mist_file_heavy_0.txt,Finished deployment to Camunda,1490720358120
X2yEt,mist_file_heavy_0.txt,Mist-docker  started,1490720365904
X2yEt,mist_file_heavy_0.txt,Mist-docker  completed,1490720457206
X2yEt,mist_file_heavy_0.txt,Sending response to callback,1490720463241
X2yEt,mist_file_heavy_0.txt,Call back recieved,1490720463281
X2yEt,mist_file_heavy_0.txt,Process End,1490720467631
0VDFN,mist_file_heavy_0.txt,Process Start,1490720475517
0VDFN,mist_file_heavy_0.txt,Recieved deployment ,1490720491857
0VDFN,mist_file_heavy_0.txt,Started deployment to Camunda,1490720498054
0VDFN,mist_file_heavy_0.txt,Process End,1490720520952
6h806,mist_file_heavy_0.txt,Process Start,1490720533953
6h806,mist_file_heavy_0.txt,Recieved deployment ,1490720544709
6h806,mist_file_heavy_0.txt,Started deployment to Camunda,1490720566602
6h806,mist_file_heavy_0.txt,Process End,1490720566724
2MrjA,mist_file_heavy_0.txt,Process Start,1490720626302
2MrjA,mist_file_heavy_0.txt,Recieved deployment ,1490720628730
2MrjA,mist_file_heavy_0.txt,Started deployment to Camunda,1490720642914
2MrjA,mist_file_heavy_0.txt,Finished deployment to Camunda,1490720653542
2MrjA,mist_file_heavy_0.txt,Mist-docker  started,1490720656349
2MrjA,mist_file_heavy_0.txt,Mist-docker  completed,1490720758958
2MrjA,mist_file_heavy_0.txt,Sending response to callback,1490720764978
2MrjA,mist_file_heavy_0.txt,Call back recieved,1490720764989
2MrjA,mist_file_heavy_0.txt,Process End,1490720768341
vC3ax,mist_file_heavy_0.txt,Process Start,1490722453592
vC3ax,mist_file_heavy_0.txt,Recieved deployment ,1490722456009
vC3ax,mist_file_heavy_0.txt,Started deployment to Camunda,1490722456858
vC3ax,mist_file_heavy_0.txt,Finished deployment to Camunda,1490722541366
vC3ax,mist_file_heavy_0.txt,Mist-docker  started,1490722543510
vC3ax,mist_file_heavy_0.txt,Mist-docker  completed,1490722606644
vC3ax,mist_file_heavy_0.txt,Sending response to callback,1490722612666
vC3ax,mist_file_heavy_0.txt,Call back recieved,1490722612677
vC3ax,mist_file_heavy_0.txt,Process End,1490722616853
mex55,mist_file_heavy_0.txt,Process Start,1490722661457
mex55,mist_file_heavy_0.txt,Recieved deployment ,1490722663816
mex55,mist_file_heavy_0.txt,Started deployment to Camunda,1490722679778
mex55,mist_file_heavy_0.txt,Finished deployment to Camunda,1490722710506
mex55,mist_file_heavy_0.txt,Mist-docker  started,1490722744007
mex55,mist_file_heavy_0.txt,Mist-docker  completed,1490722806044
mex55,mist_file_heavy_0.txt,Sending response to callback,1490722812060
mex55,mist_file_heavy_0.txt,Call back recieved,1490722812070
mex55,mist_file_heavy_0.txt,Process End,1490722815087
,,,,
,1-0,,,
naAi,mist_file_heavy_0.txt,Process Start,1490723922066
1naAi,mist_file_heavy_0.txt,Recieved deployment ,1490723926360
1naAi,mist_file_heavy_0.txt,Started deployment to Camunda,1490723934467
1naAi,mist_file_heavy_0.txt,Finished deployment to Camunda,1490723992246
1naAi,mist_file_heavy_0.txt,Mist-docker  started,1490723998079
1naAi,mist_file_heavy_0.txt,Mist-docker  completed,1490724115348
1naAi,mist_file_heavy_0.txt,Sending response to callback,1490724122131
1naAi,mist_file_heavy_0.txt,Call back recieved,1490724122156
1naAi,mist_file_heavy_0.txt,Process End,1490724127647
36bAw,mist_file_heavy_0.txt,Process Start,1490724269324
36bAw,mist_file_heavy_0.txt,Recieved deployment ,1490724281122
36bAw,mist_file_heavy_0.txt,Started deployment to Camunda,1490724286517
36bAw,mist_file_heavy_0.txt,Finished deployment to Camunda,1490724305931
36bAw,mist_file_heavy_0.txt,Mist-docker  started,1490724318416
36bAw,mist_file_heavy_0.txt,Mist-docker  completed,1490724424796
36bAw,mist_file_heavy_0.txt,Sending response to callback,1490724430810
36bAw,mist_file_heavy_0.txt,Call back recieved,1490724430821
36bAw,mist_file_heavy_0.txt,Process End,1490724434027
aqr0L,mist_file_heavy_0.txt,Process Start,1490724447418
aqr0L,mist_file_heavy_0.txt,Recieved deployment ,1490724449778
aqr0L,mist_file_heavy_0.txt,Started deployment to Camunda,1490724452955
aqr0L,mist_file_heavy_0.txt,Finished deployment to Camunda,1490724540948
aqr0L,mist_file_heavy_0.txt,Mist-docker  started,1490724543123
aqr0L,mist_file_heavy_0.txt,Mist-docker  completed,1490724607707
aqr0L,mist_file_heavy_0.txt,Sending response to callback,1490724613727
aqr0L,mist_file_heavy_0.txt,Call back recieved,1490724613739
aqr0L,mist_file_heavy_0.txt,Process End,1490724617715
iM8Ia,mist_file_heavy_0.txt,Process Start,1490724832306
iM8Ia,mist_file_heavy_0.txt,Recieved deployment ,1490724835256
iM8Ia,mist_file_heavy_0.txt,Started deployment to Camunda,1490724866348
iM8Ia,mist_file_heavy_0.txt,Finished deployment to Camunda,1490724892636
iM8Ia,mist_file_heavy_0.txt,Mist-docker  started,1490724894763
iM8Ia,mist_file_heavy_0.txt,Mist-docker  completed,1490724987335
iM8Ia,mist_file_heavy_0.txt,Sending response to callback,1490724993354
iM8Ia,mist_file_heavy_0.txt,Call back recieved,1490724993366
iM8Ia,mist_file_heavy_0.txt,Process End,1490724996416
FRr92,mist_file_heavy_0.txt,Process Start,1490725008002
FRr92,mist_file_heavy_0.txt,Recieved deployment ,1490725016179
FRr92,mist_file_heavy_0.txt,Started deployment to Camunda,1490725017031
FRr92,mist_file_heavy_0.txt,Finished deployment to Camunda,1490725052783
FRr92,mist_file_heavy_0.txt,Mist-docker  started,1490725054911
FRr92,mist_file_heavy_0.txt,Mist-docker  completed,1490725157581
FRr92,mist_file_heavy_0.txt,Sending response to callback,1490725163604
FRr92,mist_file_heavy_0.txt,Call back recieved,1490725163625
FRr92,mist_file_heavy_0.txt,Process End,1490725166608
